Sl Num,Time,Source,Destination,Volume,Protocol
1,1521039662,192.168.0.1,igmp.mcast.net,5,IGMP
2,1521039663,192.168.0.2,239.255.255.250,1,IGMP
3,1521039666,192.168.0.2,192.168.10.1,2,UDP
4,1521039669,192.168.10.2,192.168.0.8,20,DNS
5,1521039671,192.168.10.2,192.168.0.8,1,TCP
6,1521039673,192.168.0.1,192.168.0.2,1,TCP
7,1521039674,192.168.0.2,192.168.0.1,1,TCP
8,1521039675,192.168.0.1,192.168.0.2,5,DNS
9,1521039676,192.168.0.2,192.168.10.8,2,DNS
10,1521046073,192.168.47.7,133.9.241.84,20,UDP
11,1521043804,192.168.179.239,233.214.132.182,6,UDP
12,1521040596,192.168.101.121,64.227.98.249,15,TCP
13,1521047012,192.168.140.120,196.211.188.49,17,TCP
14,1521039821,192.168.200.19,174.127.230.82,19,DNS
15,1521049327,192.168.86.24,185.56.242.25,15,DNS
16,1521047303,192.168.203.137,255.10.105.157,19,TCP
17,1521043937,192.168.46.245,72.24.164.18,20,IGMP
18,1521046076,192.168.83.227,181.23.46.102,8,UDP
19,1521046835,192.168.217.236,236.38.126.126,7,DNS
20,1521039919,192.168.4.185,171.54.94.14,23,IGMP
21,1521045059,192.168.190.111,250.175.120.116,23,IGMP
22,1521039988,192.168.58.236,56.57.170.193,4,TCP
23,1521043210,192.168.243.117,112.178.105.177,3,IGMP
24,1521042144,192.168.166.170,60.203.27.38,19,DNS
25,1521045191,192.168.109.7,68.248.94.174,22,UDP
26,1521040149,192.168.241.149,253.215.125.69,14,UDP
27,1521044428,192.168.116.220,84.62.8.187,20,IGMP
28,1521047141,192.168.66.219,145.107.41.28,23,DNS
29,1521040462,192.168.62.84,58.207.22.66,11,IGMP
30,1521043134,192.168.11.6,158.28.44.198,6,DNS
31,1521041585,192.168.228.127,176.245.84.8,24,UDP
32,1521049451,192.168.20.184,8.180.137.178,3,TCP
33,1521046985,192.168.233.8,187.26.40.120,15,IGMP
34,1521047477,192.168.15.161,17.140.197.188,20,IGMP
35,1521043759,192.168.187.54,77.161.131.251,16,UDP
36,1521047498,192.168.173.181,53.210.108.74,7,IGMP
37,1521048152,192.168.35.119,108.156.25.153,8,IGMP
38,1521047326,192.168.155.15,125.131.195.79,1,DNS
39,1521043371,192.168.141.42,33.154.83.78,16,IGMP
40,1521041996,192.168.160.164,82.162.164.179,3,UDP
41,1521043265,192.168.142.78,165.50.32.61,8,TCP
42,1521049301,192.168.98.226,151.15.27.51,9,IGMP
43,1521049283,192.168.161.59,14.104.184.240,23,IGMP
44,1521047724,192.168.146.174,123.93.205.184,9,IGMP
45,1521044827,192.168.224.163,181.98.85.195,24,IGMP
46,1521040641,192.168.65.195,235.42.83.30,7,UDP
47,1521048977,192.168.149.23,229.147.45.170,19,UDP
48,1521049134,192.168.42.220,144.126.112.130,24,UDP
49,1521043206,192.168.159.96,89.215.28.57,13,TCP
50,1521048520,192.168.149.3,201.146.121.250,7,IGMP
51,1521050046,192.168.161.18,244.234.133.249,21,IGMP
52,1521044518,192.168.21.188,158.80.191.153,20,DNS
53,1521048406,192.168.161.95,79.182.145.96,5,DNS
54,1521041061,192.168.243.122,198.102.88.170,3,IGMP
55,1521042906,192.168.0.9,246.173.46.124,23,TCP
56,1521042075,192.168.240.122,255.187.30.88,11,TCP
57,1521042715,192.168.232.46,54.188.35.176,7,TCP
58,1521047275,192.168.72.211,130.185.156.212,9,IGMP
59,1521043461,192.168.3.155,63.250.216.23,21,UDP
60,1521047780,192.168.128.122,163.4.75.33,25,IGMP
61,1521048051,192.168.245.177,245.138.114.116,21,IGMP
62,1521044904,192.168.87.194,143.53.134.134,4,UDP
63,1521041851,192.168.238.9,5.226.147.85,3,IGMP
64,1521047062,192.168.234.44,0.31.96.197,3,TCP
65,1521048573,192.168.73.103,90.240.143.110,16,UDP
66,1521048683,192.168.131.101,178.161.145.149,10,TCP
67,1521048134,192.168.167.222,204.252.170.59,16,TCP
68,1521044341,192.168.14.135,51.130.224.77,1,UDP
69,1521048846,192.168.206.125,91.7.29.73,13,UDP
70,1521041139,192.168.25.15,129.212.18.233,9,UDP
71,1521047206,192.168.50.143,179.116.44.209,13,DNS
72,1521042442,192.168.178.215,225.107.153.81,14,DNS
73,1521046403,192.168.180.154,86.4.244.192,1,UDP
74,1521042950,192.168.89.143,93.120.63.132,14,DNS
75,1521046244,192.168.39.17,147.132.55.198,3,DNS
76,1521047728,192.168.45.6,22.212.49.68,16,UDP
77,1521039708,192.168.191.145,41.87.233.176,17,DNS
78,1521047024,192.168.78.224,47.68.189.178,8,TCP
79,1521040731,192.168.15.39,146.140.253.86,21,IGMP
80,1521041027,192.168.237.208,188.231.50.154,15,UDP
81,1521045741,192.168.128.68,22.155.34.137,8,IGMP
82,1521039819,192.168.178.4,51.201.180.88,5,IGMP
83,1521045152,192.168.126.75,229.237.69.213,16,DNS
84,1521049456,192.168.52.218,248.80.155.202,18,UDP
85,1521044970,192.168.55.93,123.111.217.214,13,UDP
86,1521050420,192.168.25.171,209.1.90.66,12,DNS
87,1521041352,192.168.75.253,166.63.190.185,9,TCP
88,1521044588,192.168.16.132,148.54.58.182,1,DNS
89,1521045775,192.168.19.213,124.58.207.134,24,DNS
90,1521043368,192.168.177.124,250.211.80.137,8,UDP
91,1521044661,192.168.90.173,123.99.201.111,19,IGMP
92,1521049274,192.168.17.104,114.73.196.5,5,UDP
93,1521044148,192.168.253.212,177.125.220.35,18,UDP
94,1521044083,192.168.43.100,196.143.135.53,12,DNS
95,1521050348,192.168.27.163,223.150.8.222,14,UDP
96,1521045133,192.168.55.22,35.218.184.121,10,IGMP
97,1521047008,192.168.74.45,140.96.224.228,15,UDP
98,1521044337,192.168.129.205,210.192.226.175,15,IGMP
99,1521050233,192.168.73.71,206.38.135.31,17,DNS
100,1521044943,192.168.245.255,135.243.237.30,21,IGMP
101,1521041093,192.168.166.129,3.32.20.211,24,IGMP
102,1521050136,192.168.68.220,66.72.220.31,3,IGMP
103,1521049919,192.168.193.15,140.144.46.150,8,TCP
104,1521044153,192.168.92.191,201.176.116.43,18,UDP
105,1521040581,192.168.166.203,161.65.240.135,5,UDP
106,1521050135,192.168.140.143,127.18.159.23,17,DNS
107,1521045549,192.168.8.246,43.34.244.214,24,TCP
108,1521046279,192.168.116.245,15.132.47.25,2,TCP
109,1521039704,192.168.78.118,38.85.182.35,18,IGMP
110,1521043319,192.168.159.226,69.123.12.101,8,DNS
111,1521042887,192.168.159.159,128.209.148.16,14,UDP
112,1521039944,192.168.113.75,112.224.188.39,10,TCP
113,1521045824,192.168.201.237,49.238.192.156,15,DNS
114,1521040582,192.168.27.27,232.44.112.58,21,TCP
115,1521041796,192.168.45.8,155.236.181.250,11,DNS
116,1521050027,192.168.169.239,124.33.34.192,17,IGMP
117,1521039865,192.168.26.111,226.58.160.58,12,DNS
118,1521047674,192.168.237.167,166.68.191.16,24,IGMP
119,1521045727,192.168.162.189,144.186.119.205,25,IGMP
120,1521045620,192.168.31.93,164.216.194.50,11,TCP
121,1521042034,192.168.97.211,252.90.249.246,15,DNS
122,1521044900,192.168.181.120,25.59.24.170,25,UDP
123,1521042485,192.168.28.196,158.72.107.197,3,UDP
124,1521045175,192.168.117.79,220.162.180.19,19,IGMP
125,1521050300,192.168.82.44,58.224.108.248,7,DNS
126,1521042165,192.168.144.47,114.79.236.112,1,DNS
127,1521043214,192.168.196.226,31.28.56.44,4,UDP
128,1521044779,192.168.218.136,168.209.7.234,9,TCP
129,1521041661,192.168.169.144,110.196.163.124,3,DNS
130,1521044801,192.168.133.5,32.36.17.78,18,UDP
131,1521045067,192.168.5.214,96.194.166.24,2,IGMP
132,1521049709,192.168.146.96,10.10.184.208,4,IGMP
133,1521048278,192.168.183.247,20.165.146.17,4,UDP
134,1521050354,192.168.141.148,158.108.242.103,12,IGMP
135,1521043539,192.168.179.244,36.192.2.104,7,IGMP
136,1521043754,192.168.14.189,4.44.245.243,9,IGMP
137,1521041656,192.168.204.76,117.48.62.193,9,TCP
138,1521044953,192.168.225.200,110.209.79.106,20,UDP
139,1521041521,192.168.118.165,47.203.105.173,20,DNS
140,1521043359,192.168.21.223,249.216.40.110,19,IGMP
141,1521043837,192.168.182.102,203.1.88.92,24,DNS
142,1521047849,192.168.154.113,7.218.2.129,16,DNS
143,1521043546,192.168.10.105,198.105.86.24,3,UDP
144,1521040909,192.168.57.93,120.158.21.98,2,DNS
145,1521050443,192.168.129.167,217.145.183.114,11,DNS
146,1521047405,192.168.53.77,84.148.101.202,22,IGMP
147,1521050227,192.168.25.145,46.121.90.43,24,TCP
148,1521041635,192.168.118.53,122.79.32.138,19,UDP
149,1521049600,192.168.205.162,166.176.32.107,6,TCP
150,1521050337,192.168.90.20,215.7.239.27,15,UDP
151,1521048044,192.168.218.229,219.226.237.152,22,UDP
152,1521044033,192.168.194.7,139.185.198.79,5,DNS
153,1521047370,192.168.163.45,104.66.103.205,1,TCP
154,1521040098,192.168.90.213,104.222.231.161,13,UDP
155,1521039830,192.168.249.1,92.117.82.27,25,IGMP
156,1521040875,192.168.176.113,106.89.129.101,9,IGMP
157,1521040504,192.168.137.70,26.170.196.241,5,UDP
158,1521047290,192.168.13.29,249.200.166.89,14,UDP
159,1521043307,192.168.44.189,58.146.57.102,22,DNS
160,1521041765,192.168.48.163,112.252.114.21,10,DNS
161,1521044357,192.168.158.43,102.102.233.43,23,DNS
162,1521049244,192.168.102.75,187.162.106.115,13,IGMP
163,1521046087,192.168.199.190,218.136.27.132,24,DNS
164,1521048776,192.168.43.216,147.82.198.85,5,DNS
165,1521040206,192.168.235.198,210.93.25.235,4,IGMP
166,1521040855,192.168.127.71,112.145.28.185,20,IGMP
167,1521049933,192.168.70.222,247.183.229.89,6,UDP
168,1521039874,192.168.37.186,252.146.83.51,18,IGMP
169,1521049755,192.168.186.7,147.249.32.210,12,TCP
170,1521048907,192.168.85.137,179.191.243.73,25,UDP
171,1521044068,192.168.87.224,242.120.247.116,3,IGMP
172,1521043516,192.168.50.77,17.73.85.57,21,DNS
173,1521049537,192.168.171.120,2.12.135.192,13,UDP
174,1521043841,192.168.243.170,108.85.180.24,16,IGMP
175,1521041241,192.168.243.216,211.19.154.25,1,TCP
176,1521046513,192.168.37.193,55.220.177.64,20,IGMP
177,1521043887,192.168.37.115,247.239.114.20,6,IGMP
178,1521043267,192.168.254.159,157.180.199.9,14,DNS
179,1521040215,192.168.155.150,59.64.91.143,7,IGMP
180,1521045321,192.168.198.107,251.57.99.252,21,IGMP
181,1521042132,192.168.255.140,219.12.143.225,4,DNS
182,1521041997,192.168.135.10,168.105.120.151,13,UDP
183,1521046825,192.168.9.203,138.120.154.216,9,UDP
184,1521046446,192.168.21.223,103.72.32.157,21,DNS
185,1521048868,192.168.183.104,131.235.5.110,10,TCP
186,1521040908,192.168.44.238,147.133.10.246,15,IGMP
187,1521046340,192.168.221.157,199.70.5.78,24,IGMP
188,1521041067,192.168.57.210,248.86.179.9,18,TCP
189,1521044669,192.168.167.88,190.18.214.40,3,IGMP
190,1521043873,192.168.144.124,179.47.109.238,8,TCP
191,1521043331,192.168.57.87,117.214.198.23,7,IGMP
192,1521049837,192.168.108.60,169.62.26.82,1,UDP
193,1521046846,192.168.11.249,45.169.207.173,2,IGMP
194,1521042320,192.168.63.176,64.7.62.202,2,UDP
195,1521043306,192.168.43.144,158.155.66.208,14,TCP
196,1521040252,192.168.170.29,185.131.77.191,1,DNS
197,1521040253,192.168.130.75,189.123.236.248,16,DNS
198,1521039774,192.168.70.143,93.177.125.16,13,UDP
199,1521043939,192.168.187.134,199.111.8.152,14,DNS
200,1521048423,192.168.25.15,115.90.150.45,25,TCP
201,1521048060,192.168.44.213,99.70.179.111,22,TCP
202,1521045892,192.168.159.184,189.110.116.85,12,UDP
203,1521048874,192.168.1.242,225.80.107.1,21,TCP
204,1521047556,192.168.130.207,58.250.229.226,18,TCP
205,1521044525,192.168.110.226,22.111.152.71,4,DNS
206,1521041836,192.168.72.63,84.14.234.184,19,TCP
207,1521040697,192.168.37.3,251.64.129.11,13,DNS
208,1521045487,192.168.208.91,194.167.247.108,1,UDP
209,1521044350,192.168.3.218,152.133.113.223,4,UDP
210,1521045038,192.168.145.37,9.72.78.48,17,DNS
211,1521050062,192.168.104.236,233.216.157.225,9,UDP
212,1521046012,192.168.47.154,20.227.155.106,17,TCP
213,1521040531,192.168.25.14,240.59.199.13,14,DNS
214,1521046227,192.168.64.225,117.195.178.57,12,UDP
215,1521042052,192.168.171.123,238.81.84.75,24,DNS
216,1521042417,192.168.54.115,213.233.74.73,22,UDP
217,1521048081,192.168.94.85,151.183.116.168,22,TCP
218,1521044950,192.168.0.99,87.211.247.107,22,TCP
219,1521044095,192.168.157.228,2.53.160.3,14,TCP
220,1521044996,192.168.204.177,9.66.23.66,11,DNS
221,1521050411,192.168.2.55,208.31.234.0,15,IGMP
222,1521044792,192.168.245.97,255.132.180.189,4,IGMP
223,1521040637,192.168.161.159,237.55.91.230,14,TCP
224,1521049020,192.168.81.244,131.14.48.140,24,UDP
225,1521050328,192.168.151.22,119.128.184.32,16,DNS
226,1521049696,192.168.176.234,105.175.16.201,12,DNS
227,1521047204,192.168.32.70,220.37.112.17,5,DNS
228,1521047244,192.168.37.171,228.194.37.79,9,TCP
229,1521041254,192.168.68.149,233.103.138.101,7,TCP
230,1521046729,192.168.206.245,142.178.12.46,16,IGMP
231,1521047191,192.168.7.41,160.23.40.110,2,IGMP
232,1521042991,192.168.137.50,14.148.15.87,4,TCP
233,1521042414,192.168.127.7,228.204.84.49,1,UDP
234,1521049372,192.168.112.197,175.183.15.252,25,IGMP
235,1521041087,192.168.232.224,246.10.75.81,15,DNS
236,1521044870,192.168.207.57,245.4.65.221,22,IGMP
237,1521046842,192.168.71.109,115.152.64.121,20,UDP
238,1521040345,192.168.152.229,65.185.253.104,2,UDP
239,1521045918,192.168.180.246,36.200.193.69,8,UDP
240,1521042834,192.168.32.105,186.241.161.183,5,IGMP
241,1521045750,192.168.137.97,126.165.181.227,17,DNS
242,1521042729,192.168.225.131,153.221.17.31,16,DNS
243,1521046986,192.168.59.171,192.250.202.57,15,IGMP
244,1521050407,192.168.56.66,73.241.116.147,17,TCP
245,1521041181,192.168.245.39,34.89.140.226,4,UDP
246,1521046652,192.168.208.31,203.96.212.105,5,DNS
247,1521040787,192.168.252.7,24.145.140.61,11,IGMP
248,1521040778,192.168.86.139,155.222.57.249,3,TCP
249,1521046130,192.168.146.107,10.58.65.181,3,IGMP
250,1521041424,192.168.75.41,26.249.133.84,8,IGMP
251,1521040923,192.168.87.105,52.143.201.106,1,IGMP
252,1521043577,192.168.153.92,225.117.159.174,13,UDP
253,1521042362,192.168.36.251,68.246.60.239,21,DNS
254,1521044846,192.168.91.61,137.24.17.222,1,DNS
255,1521044644,192.168.88.128,184.252.241.24,9,TCP
256,1521049888,192.168.94.231,119.254.110.126,16,TCP
257,1521046333,192.168.0.157,89.83.236.6,8,UDP
258,1521045132,192.168.254.83,126.254.104.118,12,DNS
259,1521049183,192.168.56.225,237.58.202.35,21,TCP
260,1521043679,192.168.117.145,25.132.179.160,5,TCP
261,1521043245,192.168.66.90,19.113.34.147,3,DNS
262,1521050045,192.168.109.84,66.103.216.180,5,IGMP
263,1521048741,192.168.255.200,51.74.89.79,14,UDP
264,1521043084,192.168.5.178,66.52.1.86,1,TCP
265,1521049930,192.168.207.212,108.222.35.173,4,UDP
266,1521049912,192.168.167.203,61.17.130.64,23,TCP
267,1521042819,192.168.220.211,7.138.98.226,11,IGMP
268,1521046270,192.168.220.97,188.105.6.206,13,UDP
269,1521043322,192.168.164.93,58.44.76.122,7,TCP
270,1521042968,192.168.254.26,126.224.63.141,11,IGMP
271,1521046599,192.168.18.30,39.14.19.116,11,IGMP
272,1521041145,192.168.238.15,52.95.80.108,15,TCP
273,1521048979,192.168.133.239,147.89.145.4,14,IGMP
274,1521042839,192.168.40.21,116.14.55.29,14,IGMP
275,1521039880,192.168.242.7,34.34.86.45,15,IGMP
276,1521040405,192.168.48.112,102.189.29.89,16,UDP
277,1521040451,192.168.202.129,165.173.85.247,16,TCP
278,1521046596,192.168.247.114,96.1.234.251,16,IGMP
279,1521041024,192.168.211.210,250.43.126.116,21,TCP
280,1521041586,192.168.196.101,154.240.227.118,21,TCP
281,1521045690,192.168.165.165,184.242.49.90,20,DNS
282,1521045984,192.168.250.38,10.106.93.198,24,IGMP
283,1521050059,192.168.29.35,57.239.214.181,4,DNS
284,1521047525,192.168.172.12,61.245.122.188,18,TCP
285,1521045523,192.168.153.238,99.98.33.183,20,DNS
286,1521041550,192.168.73.186,144.200.96.4,13,UDP
287,1521043341,192.168.84.244,22.102.227.70,11,DNS
288,1521043743,192.168.233.35,113.25.235.166,15,IGMP
289,1521042748,192.168.22.30,222.31.94.133,15,UDP
290,1521042513,192.168.148.99,153.37.214.211,25,IGMP
291,1521043895,192.168.169.61,248.194.82.46,15,UDP
292,1521048099,192.168.124.21,132.38.203.122,22,TCP
293,1521043383,192.168.75.190,157.233.41.225,9,TCP
294,1521048038,192.168.122.12,68.23.127.104,17,DNS
295,1521045137,192.168.67.36,182.95.97.135,9,DNS
296,1521045340,192.168.4.167,252.121.29.239,20,TCP
297,1521047979,192.168.27.236,178.163.160.47,23,DNS
298,1521047192,192.168.40.205,166.50.125.227,6,TCP
299,1521047257,192.168.141.223,66.81.75.194,11,TCP
300,1521042893,192.168.210.102,191.184.117.12,13,IGMP
301,1521045530,192.168.95.84,192.140.144.137,10,TCP
302,1521039836,192.168.175.239,108.44.6.171,16,TCP
303,1521041633,192.168.116.245,64.207.123.162,20,UDP
304,1521047337,192.168.87.32,166.162.93.85,25,DNS
305,1521045657,192.168.120.136,115.151.255.170,13,TCP
306,1521049547,192.168.241.19,223.144.163.47,4,IGMP
307,1521045579,192.168.254.61,164.78.164.178,24,DNS
308,1521043237,192.168.102.19,159.6.12.187,25,IGMP
309,1521040065,192.168.140.255,233.164.245.217,4,TCP
310,1521044958,192.168.105.19,233.63.17.201,18,UDP
311,1521044677,192.168.148.224,186.136.205.133,15,IGMP
312,1521048384,192.168.20.58,131.66.197.11,8,IGMP
313,1521046361,192.168.209.28,14.138.186.170,11,DNS
314,1521043192,192.168.59.245,83.201.92.245,16,TCP
315,1521046688,192.168.227.104,61.201.55.214,1,UDP
316,1521049461,192.168.54.16,208.24.250.6,22,IGMP
317,1521042448,192.168.43.97,161.169.2.250,23,DNS
318,1521045246,192.168.222.195,67.29.236.55,6,TCP
319,1521047692,192.168.25.116,170.236.43.18,24,TCP
320,1521047449,192.168.36.84,248.209.120.37,5,DNS
321,1521042086,192.168.187.224,173.160.107.232,21,TCP
322,1521046584,192.168.61.248,177.211.61.130,2,TCP
323,1521044632,192.168.73.170,30.105.33.54,15,TCP
324,1521046321,192.168.199.115,35.35.120.141,25,IGMP
325,1521041125,192.168.234.30,224.26.152.198,5,IGMP
326,1521046489,192.168.170.60,57.117.29.48,1,UDP
327,1521041204,192.168.139.60,249.231.50.12,8,TCP
328,1521048969,192.168.64.109,87.42.43.117,19,DNS
329,1521048845,192.168.62.203,200.94.187.49,8,DNS
330,1521046188,192.168.154.90,127.1.14.205,7,DNS
331,1521050007,192.168.169.74,45.65.150.42,23,IGMP
332,1521041911,192.168.92.156,131.203.71.112,9,UDP
333,1521040052,192.168.138.52,144.147.162.30,1,UDP
334,1521050343,192.168.88.158,83.14.200.224,7,TCP
335,1521041822,192.168.54.98,214.179.61.214,6,TCP
336,1521044621,192.168.81.110,46.206.37.41,6,DNS
337,1521046164,192.168.164.148,244.212.116.204,23,IGMP
338,1521047426,192.168.174.10,5.159.71.161,14,DNS
339,1521049385,192.168.98.179,78.61.59.193,3,TCP
340,1521047088,192.168.225.206,178.235.196.74,8,DNS
341,1521044408,192.168.127.127,183.87.214.201,4,UDP
342,1521046598,192.168.50.65,23.170.87.205,2,IGMP
343,1521045382,192.168.19.76,244.153.196.146,15,IGMP
344,1521048976,192.168.53.152,235.173.105.187,19,DNS
345,1521047914,192.168.18.99,23.65.178.81,2,DNS
346,1521045278,192.168.32.57,160.65.88.35,14,UDP
347,1521041824,192.168.213.255,245.140.237.149,19,IGMP
348,1521041610,192.168.104.4,34.123.34.244,19,DNS
349,1521044806,192.168.120.29,134.248.85.216,14,DNS
350,1521039898,192.168.116.137,28.16.163.230,23,UDP
351,1521045626,192.168.236.206,157.75.18.248,8,UDP
352,1521047443,192.168.249.244,243.170.121.26,24,DNS
353,1521043112,192.168.84.136,173.53.108.149,21,UDP
354,1521045776,192.168.237.93,217.0.219.234,9,UDP
355,1521041334,192.168.229.39,226.199.235.46,4,DNS
356,1521044150,192.168.20.66,253.172.241.186,23,UDP
357,1521049312,192.168.46.63,170.30.46.184,6,IGMP
358,1521042788,192.168.137.175,90.72.181.214,15,IGMP
359,1521044994,192.168.23.134,11.142.254.251,17,IGMP
360,1521049678,192.168.209.67,9.105.241.35,4,UDP
361,1521045582,192.168.163.212,167.195.112.140,10,DNS
362,1521041597,192.168.130.236,36.182.97.130,14,TCP
363,1521043186,192.168.65.203,30.126.149.207,13,UDP
364,1521039764,192.168.135.149,32.80.164.184,13,UDP
365,1521049611,192.168.222.104,209.236.184.132,1,DNS
366,1521046252,192.168.158.150,25.109.100.55,12,TCP
367,1521043119,192.168.0.64,71.60.142.220,22,TCP
368,1521048176,192.168.107.103,14.167.223.111,3,UDP
369,1521044073,192.168.116.30,17.84.1.94,15,DNS
370,1521044455,192.168.168.85,54.73.222.41,3,TCP
371,1521050008,192.168.175.100,106.249.156.137,6,DNS
372,1521039772,192.168.216.208,227.183.248.43,16,UDP
373,1521040068,192.168.145.58,77.245.52.197,12,IGMP
374,1521041417,192.168.240.232,210.59.44.77,23,DNS
375,1521049362,192.168.214.145,218.53.209.164,7,DNS
376,1521046455,192.168.153.101,24.221.124.33,6,UDP
377,1521049958,192.168.55.105,96.1.109.219,20,IGMP
378,1521041065,192.168.105.123,126.83.76.206,3,TCP
379,1521049236,192.168.203.146,71.66.124.112,5,IGMP
380,1521044112,192.168.1.84,254.174.211.106,7,UDP
381,1521048720,192.168.167.67,185.208.155.12,21,TCP
382,1521041219,192.168.214.200,173.29.24.116,22,TCP
383,1521042289,192.168.242.114,113.228.208.16,13,DNS
384,1521045579,192.168.162.215,188.125.77.188,10,TCP
385,1521040021,192.168.73.77,255.174.87.255,24,DNS
386,1521046801,192.168.136.118,47.228.33.164,24,IGMP
387,1521048201,192.168.145.60,151.200.251.237,19,TCP
388,1521048805,192.168.20.115,219.124.81.229,22,UDP
389,1521049113,192.168.160.190,95.74.55.26,19,DNS
390,1521048666,192.168.173.70,189.57.109.144,7,DNS
391,1521042602,192.168.90.56,127.94.183.144,6,IGMP
392,1521047361,192.168.196.104,172.91.62.58,8,UDP
393,1521047506,192.168.186.73,203.41.104.39,13,UDP
394,1521044245,192.168.180.48,47.204.24.174,18,UDP
395,1521042338,192.168.30.128,60.54.76.90,21,TCP
396,1521047472,192.168.233.134,51.63.228.56,15,IGMP
397,1521049199,192.168.86.182,197.105.209.141,18,UDP
398,1521041495,192.168.110.251,229.112.5.32,4,IGMP
399,1521050242,192.168.84.201,241.99.172.99,2,IGMP
400,1521050044,192.168.77.8,161.131.6.170,23,TCP
401,1521041440,192.168.146.172,211.241.94.218,2,IGMP
402,1521043002,192.168.35.125,109.227.247.112,12,IGMP
403,1521047057,192.168.42.183,140.107.195.89,19,UDP
404,1521044565,192.168.183.212,83.134.13.30,1,DNS
405,1521043039,192.168.36.28,213.134.236.251,3,TCP
406,1521043043,192.168.240.51,46.72.85.90,25,DNS
407,1521039686,192.168.220.237,238.129.82.216,15,DNS
408,1521049555,192.168.136.6,50.126.98.185,8,TCP
409,1521044226,192.168.111.232,212.50.189.250,2,IGMP
410,1521040726,192.168.30.139,71.152.39.80,5,UDP
411,1521040994,192.168.189.222,226.104.241.73,23,IGMP
412,1521042150,192.168.211.172,219.250.231.164,2,DNS
413,1521050162,192.168.216.115,144.215.206.177,22,UDP
414,1521044896,192.168.158.243,251.158.108.12,21,TCP
415,1521042055,192.168.182.229,91.106.218.227,16,TCP
416,1521047216,192.168.160.83,29.98.176.226,11,UDP
417,1521049472,192.168.111.44,178.82.57.176,9,UDP
418,1521049197,192.168.178.105,185.40.87.247,10,UDP
419,1521047706,192.168.210.54,251.162.78.214,16,UDP
420,1521045624,192.168.87.184,69.250.173.167,13,DNS
421,1521042917,192.168.174.151,43.112.182.135,19,DNS
422,1521047806,192.168.120.165,226.170.251.10,25,TCP
423,1521040430,192.168.159.181,34.98.137.231,6,TCP
424,1521039880,192.168.27.80,243.152.25.45,9,TCP
425,1521047170,192.168.174.61,80.204.28.130,7,TCP
426,1521044350,192.168.126.250,50.101.233.96,24,UDP
427,1521045612,192.168.230.135,40.252.161.88,23,UDP
428,1521041110,192.168.156.67,35.97.186.108,23,IGMP
429,1521042909,192.168.94.195,177.69.44.131,18,TCP
430,1521040144,192.168.152.59,52.103.61.174,7,TCP
431,1521045410,192.168.254.181,150.216.163.215,25,DNS
432,1521047366,192.168.162.194,35.162.225.64,16,TCP
433,1521049184,192.168.186.48,228.132.15.198,4,TCP
434,1521043633,192.168.255.221,72.55.188.137,8,TCP
435,1521044498,192.168.12.179,120.55.71.136,1,TCP
436,1521048256,192.168.171.120,156.129.174.205,15,TCP
437,1521040114,192.168.210.208,163.78.183.242,8,UDP
438,1521042369,192.168.64.9,166.101.236.245,14,IGMP
439,1521040312,192.168.206.61,191.217.210.113,16,DNS
440,1521046029,192.168.95.215,9.53.47.41,22,TCP
441,1521043466,192.168.38.29,74.201.24.188,14,TCP
442,1521049843,192.168.113.210,138.185.7.81,24,IGMP
443,1521041049,192.168.22.14,173.177.204.153,8,UDP
444,1521041966,192.168.94.57,77.245.189.231,20,UDP
445,1521046545,192.168.60.92,125.184.75.128,21,DNS
446,1521044784,192.168.210.163,43.231.79.91,1,TCP
447,1521040908,192.168.87.36,58.154.46.166,11,UDP
448,1521049403,192.168.89.50,124.36.120.190,25,UDP
449,1521050400,192.168.246.250,123.113.133.87,23,UDP
450,1521047854,192.168.141.86,203.77.69.146,14,DNS
451,1521041766,192.168.220.3,195.152.164.87,12,TCP
452,1521044513,192.168.203.243,160.174.146.22,9,DNS
453,1521049343,192.168.156.136,239.228.223.138,20,UDP
454,1521042376,192.168.222.52,67.49.209.3,7,DNS
455,1521049705,192.168.239.250,180.192.17.237,15,UDP
456,1521044343,192.168.200.227,10.17.204.103,14,IGMP
457,1521044855,192.168.201.207,119.137.162.40,9,IGMP
458,1521043140,192.168.22.178,37.167.162.205,17,DNS
459,1521049918,192.168.236.114,166.138.178.186,19,UDP
460,1521045149,192.168.138.178,106.190.169.123,12,DNS
461,1521045279,192.168.203.216,179.51.240.2,15,UDP
462,1521044048,192.168.228.138,173.122.230.98,8,TCP
463,1521047235,192.168.216.82,107.2.233.43,9,TCP
464,1521043023,192.168.5.63,171.170.118.249,5,DNS
465,1521042472,192.168.177.248,254.47.181.112,14,TCP
466,1521049015,192.168.210.200,4.144.188.233,7,DNS
467,1521042451,192.168.150.90,208.217.9.90,16,DNS
468,1521045467,192.168.188.11,206.150.204.17,15,DNS
469,1521047691,192.168.253.193,253.233.233.219,15,TCP
470,1521041558,192.168.106.66,122.53.195.24,11,UDP
471,1521042534,192.168.105.105,36.214.3.228,10,IGMP
472,1521040292,192.168.152.116,242.88.221.229,5,IGMP
473,1521046375,192.168.42.214,83.80.174.207,18,TCP
474,1521047493,192.168.214.78,41.100.83.114,8,DNS
475,1521043743,192.168.86.227,17.5.185.219,2,IGMP
476,1521045401,192.168.232.62,108.31.253.163,18,IGMP
477,1521050225,192.168.51.228,161.107.159.182,4,IGMP
478,1521042091,192.168.253.225,136.26.160.199,5,DNS
479,1521044343,192.168.174.73,151.61.25.186,7,IGMP
480,1521048933,192.168.171.71,164.229.205.213,9,UDP
481,1521042872,192.168.45.147,46.104.228.24,14,TCP
482,1521043158,192.168.101.140,202.243.78.230,24,IGMP
483,1521041332,192.168.202.63,167.248.126.2,21,DNS
484,1521044857,192.168.168.109,137.149.140.27,11,TCP
485,1521043961,192.168.30.111,70.145.217.91,20,DNS
486,1521050204,192.168.78.45,33.128.112.193,5,TCP
487,1521042726,192.168.164.227,133.71.108.87,14,IGMP
488,1521044386,192.168.35.212,83.79.130.49,10,IGMP
489,1521049646,192.168.9.185,251.85.132.26,1,UDP
490,1521048109,192.168.11.246,36.149.252.172,25,UDP
491,1521043948,192.168.133.137,15.165.231.159,14,IGMP
492,1521040512,192.168.226.198,14.250.14.52,4,TCP
493,1521043296,192.168.29.61,248.229.46.213,3,UDP
494,1521039998,192.168.2.40,171.83.87.235,4,DNS
495,1521046101,192.168.97.170,65.244.47.164,18,DNS
496,1521043417,192.168.199.200,105.40.37.248,4,TCP
497,1521039746,192.168.122.31,208.84.236.169,14,IGMP
498,1521039956,192.168.130.52,85.123.94.228,16,IGMP
499,1521044599,192.168.2.243,91.202.144.65,6,TCP
500,1521049536,192.168.182.130,47.67.116.90,3,DNS
501,1521047019,192.168.69.106,230.68.220.252,11,UDP
502,1521050262,192.168.193.228,132.153.236.71,9,TCP
503,1521042684,192.168.166.245,218.43.2.42,15,UDP
504,1521049868,192.168.183.106,130.205.73.78,6,DNS
505,1521043916,192.168.187.79,206.91.116.217,13,IGMP
506,1521048032,192.168.73.108,96.122.67.43,7,IGMP
507,1521040576,192.168.170.118,156.79.153.41,19,TCP
508,1521044840,192.168.2.122,116.94.37.237,23,UDP
509,1521050381,192.168.105.20,66.234.209.216,13,DNS
510,1521043556,192.168.224.188,192.52.142.114,5,UDP
511,1521044979,192.168.133.63,125.193.21.4,8,IGMP
512,1521047201,192.168.100.123,65.213.32.86,17,UDP
513,1521047288,192.168.175.162,133.186.169.252,15,TCP
514,1521047084,192.168.206.203,194.141.117.52,18,DNS
515,1521048125,192.168.237.249,85.0.13.135,14,TCP
516,1521045660,192.168.22.188,89.218.147.213,24,DNS
517,1521041192,192.168.248.40,89.18.69.172,15,DNS
518,1521048615,192.168.131.205,216.27.97.60,2,UDP
519,1521041619,192.168.37.196,250.250.40.228,22,IGMP
520,1521039899,192.168.163.89,105.209.195.24,2,TCP
521,1521049388,192.168.184.185,62.43.212.251,5,TCP
522,1521042707,192.168.17.131,231.63.193.60,3,IGMP
523,1521049331,192.168.119.0,147.26.228.55,4,TCP
524,1521050098,192.168.120.190,134.160.245.216,8,TCP
525,1521042274,192.168.51.123,10.231.115.192,22,DNS
526,1521042555,192.168.207.195,195.248.159.109,2,UDP
527,1521044864,192.168.85.71,198.241.187.147,9,TCP
528,1521047189,192.168.14.17,101.187.161.253,24,DNS
529,1521040899,192.168.12.214,192.13.66.107,5,UDP
530,1521045376,192.168.133.243,8.237.184.227,14,IGMP
531,1521043006,192.168.191.21,90.11.49.30,18,IGMP
532,1521044003,192.168.190.137,242.114.2.73,2,DNS
533,1521042512,192.168.21.141,110.233.33.31,24,DNS
534,1521048485,192.168.140.239,109.37.5.165,3,TCP
535,1521039803,192.168.116.88,104.180.216.6,5,DNS
536,1521042404,192.168.232.217,3.57.200.216,16,TCP
537,1521042501,192.168.6.246,130.229.66.172,6,DNS
538,1521050011,192.168.221.99,121.123.71.202,14,DNS
539,1521041562,192.168.219.37,68.166.132.247,24,UDP
540,1521044963,192.168.14.95,76.43.207.96,20,UDP
541,1521047017,192.168.117.154,160.6.108.51,18,TCP
542,1521040761,192.168.156.242,141.140.135.17,13,TCP
543,1521049052,192.168.148.3,60.114.255.226,15,TCP
544,1521042829,192.168.24.138,109.199.214.44,1,DNS
545,1521048719,192.168.43.123,168.60.92.206,25,TCP
546,1521045621,192.168.214.187,35.118.197.249,20,TCP
547,1521042834,192.168.74.173,58.86.49.8,1,DNS
548,1521045779,192.168.8.222,168.70.226.152,14,UDP
549,1521049699,192.168.250.63,148.194.151.212,15,UDP
550,1521048258,192.168.114.39,219.133.214.234,15,TCP
551,1521047150,192.168.75.80,123.111.23.66,15,DNS
552,1521040402,192.168.77.129,88.123.81.59,21,IGMP
553,1521043507,192.168.62.138,139.102.116.17,13,TCP
554,1521041334,192.168.144.54,91.131.0.201,5,IGMP
555,1521041222,192.168.63.107,143.8.119.168,2,TCP
556,1521040320,192.168.189.58,220.125.126.85,13,DNS
557,1521049639,192.168.229.49,30.196.208.254,12,UDP
558,1521050418,192.168.200.0,88.210.47.132,5,DNS
559,1521040708,192.168.124.248,58.20.116.143,13,IGMP
560,1521047651,192.168.237.86,60.172.97.150,2,UDP
561,1521043827,192.168.159.52,73.227.89.41,5,DNS
562,1521049181,192.168.151.106,105.19.55.244,24,UDP
563,1521040457,192.168.3.18,146.4.203.208,21,TCP
564,1521046308,192.168.207.238,28.66.10.10,11,UDP
565,1521049868,192.168.247.44,69.32.92.17,8,IGMP
566,1521048008,192.168.77.238,36.174.215.208,14,TCP
567,1521044942,192.168.13.75,28.30.249.6,9,TCP
568,1521040753,192.168.80.161,176.224.184.148,9,UDP
569,1521040636,192.168.229.137,81.139.229.183,4,TCP
570,1521045520,192.168.176.138,142.150.152.186,3,IGMP
571,1521042325,192.168.196.187,88.239.227.146,22,DNS
572,1521042389,192.168.142.232,214.240.27.170,10,IGMP
573,1521049072,192.168.49.22,243.222.194.54,12,IGMP
574,1521045081,192.168.161.254,38.114.92.37,21,TCP
575,1521042059,192.168.184.148,115.43.3.30,15,DNS
576,1521043155,192.168.67.243,32.231.133.1,16,DNS
577,1521047840,192.168.183.192,195.236.236.37,19,TCP
578,1521045466,192.168.49.23,1.18.127.216,2,TCP
579,1521040053,192.168.29.191,244.7.14.77,20,IGMP
580,1521042056,192.168.32.0,33.82.60.91,1,TCP
581,1521044321,192.168.77.189,230.187.14.238,14,DNS
582,1521046832,192.168.237.90,171.175.248.91,21,UDP
583,1521046480,192.168.251.135,30.45.36.231,24,TCP
584,1521042779,192.168.99.43,140.205.140.208,22,IGMP
585,1521044839,192.168.10.164,227.93.78.32,20,IGMP
586,1521047777,192.168.23.122,215.41.143.157,16,UDP
587,1521044212,192.168.50.246,106.77.241.229,9,UDP
588,1521044675,192.168.250.238,116.42.162.32,11,IGMP
589,1521042469,192.168.3.67,223.161.154.188,21,TCP
590,1521049685,192.168.192.163,13.185.16.91,4,TCP
591,1521043661,192.168.240.138,200.226.133.44,13,UDP
592,1521047799,192.168.136.233,195.246.73.72,8,TCP
593,1521050137,192.168.188.178,188.202.146.85,24,TCP
594,1521050239,192.168.240.106,204.251.130.54,17,DNS
595,1521046774,192.168.226.167,209.183.3.72,21,UDP
596,1521050446,192.168.56.152,11.118.86.112,19,UDP
597,1521041799,192.168.120.120,233.0.174.2,6,DNS
598,1521050326,192.168.194.251,211.84.139.157,18,UDP
599,1521050412,192.168.119.247,207.94.180.42,17,IGMP
600,1521043010,192.168.161.13,61.169.254.30,18,TCP
601,1521047292,192.168.45.169,69.171.27.125,25,DNS
602,1521048940,192.168.65.3,88.144.50.33,21,UDP
603,1521041417,192.168.178.223,176.241.68.86,15,UDP
604,1521043408,192.168.30.0,116.97.82.142,4,UDP
605,1521048681,192.168.141.70,224.0.29.143,8,UDP
606,1521044622,192.168.27.219,30.227.178.220,13,UDP
607,1521049583,192.168.26.250,0.69.244.212,23,DNS
608,1521039720,192.168.49.137,70.88.246.160,20,IGMP
609,1521044245,192.168.137.164,113.233.158.119,20,DNS
610,1521046998,192.168.76.176,73.79.101.139,19,TCP
611,1521042914,192.168.22.44,192.153.13.130,18,DNS
612,1521049350,192.168.231.74,23.128.177.9,23,TCP
613,1521044910,192.168.217.114,125.242.42.107,13,DNS
614,1521048371,192.168.153.230,78.46.217.40,11,IGMP
615,1521041864,192.168.100.93,14.134.218.157,2,IGMP
616,1521040171,192.168.161.171,134.34.23.33,14,IGMP
617,1521043870,192.168.35.214,133.88.241.243,4,TCP
618,1521049782,192.168.218.35,10.115.200.196,8,IGMP
619,1521047419,192.168.254.17,80.116.100.78,10,TCP
620,1521043138,192.168.169.114,162.14.90.103,9,UDP
621,1521043365,192.168.2.204,110.54.70.239,15,IGMP
622,1521049241,192.168.59.235,205.232.19.196,24,DNS
623,1521045574,192.168.68.226,59.155.76.73,15,TCP
624,1521044788,192.168.198.228,79.247.135.239,17,DNS
625,1521050238,192.168.28.160,39.245.46.239,7,IGMP
626,1521049588,192.168.224.161,200.42.244.145,1,TCP
627,1521041496,192.168.233.80,11.172.91.15,2,TCP
628,1521050411,192.168.190.251,31.99.173.34,15,IGMP
629,1521048486,192.168.67.138,122.18.194.250,9,DNS
630,1521039855,192.168.224.225,213.136.248.118,22,UDP
631,1521049200,192.168.153.123,121.57.84.30,14,IGMP
632,1521046162,192.168.3.175,160.205.255.210,16,UDP
633,1521042683,192.168.113.87,254.107.221.238,14,UDP
634,1521047409,192.168.144.85,23.13.169.147,15,TCP
635,1521044704,192.168.41.26,95.235.115.131,7,UDP
636,1521049028,192.168.113.162,107.181.46.233,11,DNS
637,1521043647,192.168.3.203,193.141.170.237,9,DNS
638,1521049004,192.168.57.28,48.218.124.82,23,DNS
639,1521047713,192.168.68.147,195.106.191.193,4,TCP
640,1521042750,192.168.15.209,207.216.213.88,18,IGMP
641,1521048496,192.168.5.208,1.121.163.27,3,UDP
642,1521040794,192.168.7.242,105.167.74.51,11,IGMP
643,1521044668,192.168.193.141,33.26.173.72,20,UDP
644,1521040081,192.168.43.61,246.9.238.197,22,IGMP
645,1521047805,192.168.156.128,242.168.82.29,17,UDP
646,1521040170,192.168.66.43,125.47.51.208,13,IGMP
647,1521042192,192.168.156.169,124.12.130.233,20,IGMP
648,1521044724,192.168.139.163,238.130.246.37,6,DNS
649,1521048600,192.168.87.83,172.135.140.175,11,IGMP
650,1521048982,192.168.107.21,245.51.189.159,9,TCP
651,1521040924,192.168.9.30,192.42.1.159,1,IGMP
652,1521049039,192.168.79.25,128.88.163.32,24,DNS
653,1521041020,192.168.227.254,217.74.0.211,11,TCP
654,1521049084,192.168.76.120,180.13.51.150,8,TCP
655,1521046744,192.168.116.249,47.145.220.191,12,UDP
656,1521044749,192.168.179.159,226.12.71.102,6,IGMP
657,1521046811,192.168.161.83,143.100.218.57,20,IGMP
658,1521043336,192.168.207.213,179.74.94.229,6,DNS
659,1521041375,192.168.88.199,30.145.254.163,14,UDP
660,1521044585,192.168.55.213,198.126.214.136,2,IGMP
661,1521042469,192.168.122.2,59.101.169.89,9,UDP
662,1521042655,192.168.202.178,87.237.224.97,18,UDP
663,1521049674,192.168.60.232,3.52.119.221,3,TCP
664,1521049950,192.168.134.49,163.94.136.67,9,TCP
665,1521049995,192.168.246.48,202.117.34.5,17,UDP
666,1521046715,192.168.197.33,61.45.101.126,25,UDP
667,1521042339,192.168.64.170,243.25.85.77,8,DNS
668,1521042109,192.168.10.141,226.173.232.105,7,TCP
669,1521045447,192.168.105.146,149.92.243.117,13,UDP
670,1521040171,192.168.233.224,46.201.32.23,23,DNS
671,1521047792,192.168.84.82,104.114.50.32,7,IGMP
672,1521049620,192.168.78.102,46.158.112.99,5,TCP
673,1521047589,192.168.168.48,157.43.99.111,4,IGMP
674,1521043640,192.168.88.110,101.113.105.35,23,IGMP
675,1521043092,192.168.157.113,248.172.137.25,13,IGMP
676,1521040451,192.168.177.86,233.147.59.114,5,TCP
677,1521040570,192.168.152.233,143.9.36.22,5,DNS
678,1521047875,192.168.140.216,244.9.187.126,11,IGMP
679,1521041637,192.168.36.116,225.241.7.75,13,UDP
680,1521041587,192.168.239.148,249.216.191.18,14,TCP
681,1521042636,192.168.49.181,202.241.61.221,3,DNS
682,1521048340,192.168.148.196,29.27.32.22,14,TCP
683,1521048593,192.168.98.155,27.78.20.124,16,DNS
684,1521040245,192.168.213.44,188.95.247.235,22,DNS
685,1521041313,192.168.88.125,44.183.146.65,12,DNS
686,1521040308,192.168.66.77,210.50.19.49,9,DNS
687,1521040477,192.168.199.236,236.241.104.10,8,UDP
688,1521043523,192.168.148.7,250.163.168.30,25,TCP
689,1521042237,192.168.145.189,43.48.120.189,2,IGMP
690,1521043016,192.168.44.240,65.227.98.161,12,TCP
691,1521044482,192.168.216.41,145.54.14.140,15,UDP
692,1521042794,192.168.187.138,249.190.237.49,10,UDP
693,1521050169,192.168.203.83,84.74.123.209,24,UDP
694,1521044391,192.168.250.53,106.20.189.254,10,TCP
695,1521048868,192.168.41.53,225.22.81.193,2,DNS
696,1521047763,192.168.233.199,107.150.237.208,21,IGMP
697,1521044965,192.168.232.229,160.186.24.89,7,UDP
698,1521048014,192.168.178.7,118.93.229.190,6,TCP
699,1521049843,192.168.242.223,132.137.243.158,9,IGMP
700,1521039788,192.168.158.239,104.240.91.33,22,TCP
701,1521043770,192.168.182.138,229.79.229.73,15,TCP
702,1521046510,192.168.109.173,252.250.111.46,8,IGMP
703,1521041794,192.168.211.159,219.252.135.142,1,IGMP
704,1521043293,192.168.147.191,228.39.167.180,16,IGMP
705,1521047811,192.168.108.212,182.88.206.19,15,TCP
706,1521048191,192.168.182.195,100.80.91.158,9,DNS
707,1521045297,192.168.245.0,99.188.23.198,17,IGMP
708,1521043847,192.168.100.65,154.169.152.243,14,TCP
709,1521047658,192.168.207.118,136.4.181.77,6,TCP
710,1521045269,192.168.11.193,74.70.24.173,25,DNS
711,1521050316,192.168.213.82,84.117.57.202,3,IGMP
712,1521045679,192.168.19.1,10.48.112.57,9,DNS
713,1521047905,192.168.117.66,215.215.42.16,22,DNS
714,1521047500,192.168.200.115,127.239.105.129,17,TCP
715,1521043703,192.168.149.113,80.197.6.117,10,UDP
716,1521046514,192.168.195.228,114.152.251.13,10,TCP
717,1521041776,192.168.54.200,95.71.116.169,17,UDP
718,1521040314,192.168.225.0,225.207.14.237,12,DNS
719,1521047791,192.168.213.198,245.105.151.41,9,DNS
720,1521044937,192.168.238.124,157.229.203.171,17,DNS
721,1521041841,192.168.30.183,176.216.145.48,19,TCP
722,1521042912,192.168.2.70,51.49.177.210,8,IGMP
723,1521049504,192.168.38.109,33.52.128.101,20,TCP
724,1521047529,192.168.57.79,15.230.9.155,6,TCP
725,1521039874,192.168.102.99,220.116.0.87,3,UDP
726,1521040079,192.168.142.100,97.86.38.178,17,DNS
727,1521040774,192.168.166.193,56.229.104.167,7,DNS
728,1521049832,192.168.221.94,132.171.242.29,3,IGMP
729,1521041198,192.168.59.122,189.253.119.10,10,TCP
730,1521049758,192.168.21.40,179.227.101.228,19,TCP
731,1521048951,192.168.211.223,162.183.122.202,3,IGMP
732,1521049099,192.168.79.26,25.171.97.213,9,IGMP
733,1521049995,192.168.147.236,24.141.82.106,9,TCP
734,1521045926,192.168.163.111,56.41.34.36,15,IGMP
735,1521042037,192.168.44.186,138.6.68.199,8,DNS
736,1521047279,192.168.57.199,123.226.76.109,2,TCP
737,1521043621,192.168.95.140,122.170.153.106,4,UDP
738,1521046339,192.168.25.231,33.141.60.190,8,IGMP
739,1521048046,192.168.232.100,125.15.225.39,1,UDP
740,1521045648,192.168.177.83,84.207.7.89,4,IGMP
741,1521045024,192.168.142.63,104.242.197.205,12,DNS
742,1521043347,192.168.117.26,156.173.43.203,21,DNS
743,1521044566,192.168.55.190,58.1.167.243,5,TCP
744,1521047930,192.168.44.187,220.3.189.60,18,TCP
745,1521050190,192.168.197.46,163.132.43.63,23,UDP
746,1521041298,192.168.224.183,197.87.183.109,25,IGMP
747,1521047107,192.168.2.109,150.194.241.214,21,TCP
748,1521041069,192.168.110.117,228.116.220.85,25,DNS
749,1521047228,192.168.186.64,100.241.105.197,18,DNS
750,1521047293,192.168.239.100,170.17.202.144,25,IGMP
751,1521041292,192.168.213.73,157.225.31.12,3,DNS
752,1521044364,192.168.204.180,154.234.159.176,1,TCP
753,1521040988,192.168.55.141,243.214.46.253,15,IGMP
754,1521049195,192.168.181.91,244.46.65.55,7,UDP
755,1521040496,192.168.90.171,110.228.110.48,22,IGMP
756,1521046200,192.168.182.114,156.12.241.91,2,UDP
757,1521041401,192.168.43.187,98.121.113.41,9,DNS
758,1521041484,192.168.106.109,142.145.94.41,21,TCP
759,1521040607,192.168.61.121,248.194.95.159,22,DNS
760,1521046411,192.168.224.24,234.50.57.211,5,UDP
761,1521048192,192.168.158.8,44.226.229.111,12,TCP
762,1521043383,192.168.41.201,214.55.221.176,10,IGMP
763,1521039806,192.168.0.255,206.103.228.3,22,DNS
764,1521049959,192.168.21.66,254.254.181.79,4,IGMP
765,1521050386,192.168.126.96,102.127.98.97,22,TCP
766,1521044187,192.168.204.139,188.212.199.219,19,IGMP
767,1521046392,192.168.225.109,138.62.130.220,19,IGMP
768,1521040889,192.168.223.9,158.223.197.48,20,UDP
769,1521043434,192.168.251.189,135.18.25.245,1,DNS
770,1521049951,192.168.191.189,93.0.248.54,10,UDP
771,1521041958,192.168.205.218,225.155.113.11,19,DNS
772,1521050405,192.168.79.120,255.215.219.36,7,IGMP
773,1521041513,192.168.83.204,30.108.98.74,15,UDP
774,1521041694,192.168.76.1,103.87.170.150,4,DNS
775,1521043601,192.168.210.210,24.46.208.1,21,TCP
776,1521043795,192.168.177.228,166.149.45.80,6,TCP
777,1521041479,192.168.218.234,96.190.65.44,14,IGMP
778,1521044826,192.168.217.71,77.106.10.56,6,TCP
779,1521044941,192.168.152.103,3.11.99.185,20,UDP
780,1521047035,192.168.105.43,163.235.48.51,22,TCP
781,1521048620,192.168.14.126,43.253.162.244,11,DNS
782,1521042175,192.168.168.5,60.192.91.82,19,TCP
783,1521044640,192.168.90.148,70.78.251.191,17,TCP
784,1521041683,192.168.79.139,253.97.190.100,1,IGMP
785,1521044106,192.168.188.131,75.191.118.163,19,TCP
786,1521048220,192.168.117.116,97.135.238.66,19,IGMP
787,1521047676,192.168.114.36,215.35.142.34,11,TCP
788,1521041391,192.168.54.8,201.35.125.199,17,DNS
789,1521043790,192.168.234.198,136.225.26.239,20,IGMP
790,1521042872,192.168.40.3,21.97.187.39,4,UDP
791,1521047209,192.168.25.42,174.22.13.28,8,IGMP
792,1521047104,192.168.36.237,71.144.239.233,14,DNS
793,1521049230,192.168.133.164,168.166.239.171,6,DNS
794,1521041853,192.168.6.237,172.185.196.0,21,UDP
795,1521046189,192.168.43.189,197.204.218.117,14,IGMP
796,1521044050,192.168.105.109,72.153.65.78,20,DNS
797,1521041685,192.168.233.153,58.228.129.185,19,UDP
798,1521041546,192.168.156.229,144.178.161.218,16,IGMP
799,1521048343,192.168.33.98,255.74.210.131,2,UDP
800,1521047670,192.168.118.59,240.31.222.148,11,DNS
801,1521045594,192.168.59.252,238.184.174.81,11,DNS
802,1521045431,192.168.246.197,164.3.223.58,13,IGMP
803,1521042365,192.168.0.69,101.71.0.62,8,DNS
804,1521044339,192.168.175.235,194.8.93.17,23,IGMP
805,1521039831,192.168.55.1,105.30.113.64,11,UDP
806,1521046557,192.168.209.161,177.23.197.66,24,IGMP
807,1521042264,192.168.82.245,156.44.16.71,17,UDP
808,1521046319,192.168.216.90,118.170.8.242,24,TCP
809,1521050223,192.168.248.28,243.8.145.221,23,IGMP
810,1521045172,192.168.3.143,176.108.210.23,8,TCP
811,1521040010,192.168.207.203,198.167.234.62,15,UDP
812,1521041575,192.168.21.215,108.228.44.22,6,UDP
813,1521046410,192.168.198.9,137.127.112.211,6,DNS
814,1521044380,192.168.7.66,93.28.244.214,6,UDP
815,1521045764,192.168.194.136,47.96.51.238,24,IGMP
816,1521050302,192.168.96.203,221.214.148.35,2,DNS
817,1521040925,192.168.8.75,88.90.217.13,1,IGMP
818,1521040754,192.168.214.4,67.143.191.127,16,UDP
819,1521049450,192.168.134.247,97.186.162.171,7,TCP
820,1521041982,192.168.120.57,190.74.147.75,3,DNS
821,1521044749,192.168.85.34,233.143.216.15,17,IGMP
822,1521046660,192.168.28.29,98.41.113.1,17,UDP
823,1521042625,192.168.69.57,218.198.72.217,12,UDP
824,1521042380,192.168.55.23,6.248.226.132,11,UDP
825,1521045966,192.168.21.191,156.92.91.220,15,TCP
826,1521044649,192.168.27.111,255.9.171.246,3,TCP
827,1521043308,192.168.69.252,21.130.153.65,24,IGMP
828,1521046551,192.168.82.32,142.139.29.162,25,IGMP
829,1521046335,192.168.40.86,202.187.159.227,3,TCP
830,1521040093,192.168.33.221,133.227.74.51,16,IGMP
831,1521045395,192.168.132.63,62.55.39.244,2,IGMP
832,1521043305,192.168.132.254,170.80.234.146,5,IGMP
833,1521043002,192.168.242.161,50.107.198.112,20,UDP
834,1521043664,192.168.123.222,2.5.155.169,2,UDP
835,1521041426,192.168.39.122,211.72.247.139,9,IGMP
836,1521043100,192.168.243.157,24.180.196.10,17,IGMP
837,1521039730,192.168.196.33,230.138.208.14,2,UDP
838,1521042004,192.168.218.3,131.89.6.34,5,DNS
839,1521041172,192.168.179.28,64.123.22.77,3,UDP
840,1521048481,192.168.223.171,178.49.4.202,7,TCP
841,1521042331,192.168.71.225,243.64.117.114,5,DNS
842,1521049576,192.168.191.197,255.145.182.10,20,UDP
843,1521041295,192.168.147.150,225.50.93.152,5,DNS
844,1521050323,192.168.218.61,143.28.235.200,8,DNS
845,1521046271,192.168.163.75,66.12.119.250,24,UDP
846,1521042748,192.168.7.26,109.185.10.241,6,IGMP
847,1521049965,192.168.85.194,6.110.241.45,18,UDP
848,1521043244,192.168.21.14,64.79.220.233,2,IGMP
849,1521047326,192.168.31.109,203.140.234.129,17,TCP
850,1521044661,192.168.103.159,76.155.206.118,14,DNS
851,1521047068,192.168.201.112,95.218.129.188,9,TCP
852,1521050031,192.168.16.171,202.22.243.42,17,IGMP
853,1521039784,192.168.130.61,181.231.24.187,17,UDP
854,1521044396,192.168.111.129,42.47.7.185,3,IGMP
855,1521047582,192.168.151.5,211.42.65.176,21,UDP
856,1521047371,192.168.185.73,206.148.109.27,5,TCP
857,1521046570,192.168.234.20,253.249.136.252,24,DNS
858,1521048808,192.168.20.182,238.50.119.222,12,TCP
859,1521041313,192.168.116.60,57.65.76.243,15,IGMP
860,1521044215,192.168.144.64,184.6.73.36,7,DNS
861,1521046922,192.168.129.4,6.41.23.158,24,IGMP
862,1521040035,192.168.77.136,231.136.53.152,19,IGMP
863,1521042348,192.168.10.62,149.3.85.10,23,DNS
864,1521046652,192.168.163.111,162.226.123.227,13,IGMP
865,1521044984,192.168.181.36,229.84.111.35,14,TCP
866,1521046497,192.168.3.211,192.83.189.34,9,DNS
867,1521047178,192.168.244.183,101.104.182.68,21,DNS
868,1521040895,192.168.104.36,253.78.239.45,24,DNS
869,1521049658,192.168.49.6,135.87.166.252,11,IGMP
870,1521042767,192.168.88.43,137.188.219.41,2,DNS
871,1521049996,192.168.37.231,51.211.110.12,5,TCP
872,1521041531,192.168.155.204,246.170.172.251,15,UDP
873,1521040706,192.168.26.95,191.2.148.167,6,IGMP
874,1521049228,192.168.14.157,224.189.93.98,11,IGMP
875,1521046515,192.168.202.247,68.91.105.225,20,UDP
876,1521039857,192.168.154.99,152.35.9.104,5,TCP
877,1521047131,192.168.173.33,28.185.148.67,7,IGMP
878,1521044608,192.168.155.193,220.49.51.116,17,DNS
879,1521041457,192.168.237.75,149.143.177.216,9,UDP
880,1521046201,192.168.254.42,55.252.81.184,6,IGMP
881,1521042359,192.168.77.79,5.180.201.4,24,UDP
882,1521041882,192.168.28.219,118.92.107.113,14,UDP
883,1521041470,192.168.103.80,179.159.166.117,5,TCP
884,1521046575,192.168.19.15,2.138.171.82,23,DNS
885,1521047153,192.168.173.135,252.201.147.205,11,IGMP
886,1521041857,192.168.178.118,108.239.207.92,12,TCP
887,1521049586,192.168.102.133,193.132.179.14,4,IGMP
888,1521042428,192.168.57.246,138.116.116.226,2,TCP
889,1521043924,192.168.89.170,241.178.147.107,24,TCP
890,1521049014,192.168.138.189,71.205.255.170,21,IGMP
891,1521040505,192.168.70.254,253.97.77.27,11,DNS
892,1521046584,192.168.2.31,116.52.176.179,7,DNS
893,1521048592,192.168.179.177,223.251.158.195,8,TCP
894,1521041391,192.168.128.128,81.86.185.196,1,UDP
895,1521050397,192.168.243.40,83.192.49.198,23,DNS
896,1521043002,192.168.30.32,171.97.37.75,14,IGMP
897,1521048792,192.168.0.2,240.107.68.247,25,UDP
898,1521041429,192.168.31.185,140.98.122.23,2,DNS
899,1521045913,192.168.113.221,101.126.212.225,20,UDP
900,1521047469,192.168.170.166,21.90.141.242,10,UDP
901,1521040533,192.168.138.253,26.185.148.113,20,UDP
902,1521043029,192.168.11.55,132.136.111.104,15,IGMP
903,1521044725,192.168.74.177,83.107.197.58,2,IGMP
904,1521046306,192.168.201.21,251.214.131.132,7,TCP
905,1521049919,192.168.30.225,122.147.252.250,23,IGMP
906,1521043340,192.168.62.25,161.139.224.122,4,IGMP
907,1521041045,192.168.245.165,22.213.148.154,19,DNS
908,1521046081,192.168.69.72,181.214.163.75,12,IGMP
909,1521047590,192.168.255.71,46.114.20.66,23,IGMP
910,1521047759,192.168.14.91,176.13.144.225,19,IGMP
911,1521050083,192.168.32.198,189.210.25.232,15,IGMP
912,1521047893,192.168.65.221,151.142.163.249,17,UDP
913,1521046815,192.168.78.135,210.0.80.14,14,IGMP
914,1521042912,192.168.7.53,31.202.226.209,18,IGMP
915,1521048959,192.168.160.134,169.169.111.131,7,IGMP
916,1521043375,192.168.214.45,50.22.84.131,9,DNS
917,1521049329,192.168.161.195,48.2.157.242,16,IGMP
918,1521041981,192.168.64.190,30.149.219.80,23,TCP
919,1521042123,192.168.79.97,79.213.80.150,13,UDP
920,1521046191,192.168.223.194,69.168.239.124,6,UDP
921,1521041016,192.168.173.250,181.115.110.217,15,DNS
922,1521048060,192.168.220.46,165.199.246.236,25,DNS
923,1521043156,192.168.125.246,130.238.68.220,8,TCP
924,1521049734,192.168.240.26,55.16.90.249,15,DNS
925,1521045671,192.168.228.223,204.124.144.215,11,TCP
926,1521043362,192.168.210.45,115.77.171.20,16,DNS
927,1521042700,192.168.163.147,42.61.193.7,9,UDP
928,1521044500,192.168.111.24,160.53.100.130,19,TCP
929,1521039740,192.168.251.214,102.45.62.153,20,DNS
930,1521048823,192.168.103.228,134.79.38.97,25,IGMP
931,1521044344,192.168.20.55,88.19.107.33,18,DNS
932,1521047101,192.168.169.243,222.228.8.55,6,TCP
933,1521048101,192.168.209.141,75.55.125.104,11,IGMP
934,1521049155,192.168.29.211,231.158.243.181,22,IGMP
935,1521045380,192.168.0.133,196.156.20.155,11,IGMP
936,1521041440,192.168.200.75,205.117.130.84,11,TCP
937,1521049913,192.168.237.123,16.206.164.8,15,UDP
938,1521049398,192.168.93.234,175.176.200.224,9,UDP
939,1521049984,192.168.190.110,214.75.226.66,20,UDP
940,1521043932,192.168.43.153,34.212.197.9,2,DNS
941,1521048716,192.168.166.255,135.3.43.185,11,IGMP
942,1521045110,192.168.87.227,104.195.76.178,3,DNS
943,1521050018,192.168.130.132,127.117.124.121,1,DNS
944,1521045291,192.168.180.93,101.73.48.123,9,DNS
945,1521044245,192.168.56.219,175.79.147.105,16,DNS
946,1521047603,192.168.210.90,255.228.138.142,18,UDP
947,1521040527,192.168.204.213,151.249.118.190,18,TCP
948,1521046640,192.168.235.128,60.99.189.110,18,IGMP
949,1521049702,192.168.165.78,58.35.190.210,11,IGMP
950,1521040716,192.168.100.179,220.185.73.83,25,TCP
951,1521045664,192.168.37.177,3.222.19.112,17,TCP
952,1521039927,192.168.33.21,91.185.225.8,3,TCP
953,1521046732,192.168.6.4,74.36.186.231,23,TCP
954,1521048200,192.168.125.17,71.34.82.231,24,TCP
955,1521049360,192.168.105.210,203.51.242.51,18,DNS
956,1521043831,192.168.181.202,122.97.155.42,14,TCP
957,1521040264,192.168.108.156,163.19.135.250,25,UDP
958,1521042258,192.168.179.3,182.233.166.126,14,IGMP
959,1521041613,192.168.130.101,249.144.182.215,1,IGMP
960,1521041887,192.168.133.200,210.86.30.165,2,IGMP
961,1521040185,192.168.122.106,193.213.238.194,13,UDP
962,1521046668,192.168.111.196,40.219.116.24,14,IGMP
963,1521046727,192.168.236.56,53.27.12.182,15,UDP
964,1521047087,192.168.246.4,159.55.97.226,3,TCP
965,1521045293,192.168.247.202,217.142.174.37,25,DNS
966,1521050340,192.168.229.74,57.205.153.118,20,DNS
967,1521045268,192.168.190.173,235.154.6.145,11,UDP
968,1521049414,192.168.254.117,112.171.0.67,6,UDP
969,1521046457,192.168.204.215,142.73.16.150,24,IGMP
970,1521046453,192.168.46.184,238.103.101.147,21,TCP
971,1521048734,192.168.68.146,255.16.252.93,16,UDP
972,1521044420,192.168.127.183,15.151.54.177,25,IGMP
973,1521050411,192.168.75.216,4.203.16.134,18,DNS
974,1521048960,192.168.158.22,39.206.14.173,20,TCP
975,1521047013,192.168.199.107,148.25.155.71,5,IGMP
976,1521045193,192.168.105.98,229.217.25.249,15,TCP
977,1521042234,192.168.213.30,223.220.77.35,5,IGMP
978,1521045656,192.168.129.195,236.181.242.202,11,IGMP
979,1521048936,192.168.123.104,218.46.196.83,15,UDP
980,1521039927,192.168.28.103,151.42.4.42,6,IGMP
981,1521049242,192.168.162.44,219.247.157.123,21,UDP
982,1521041199,192.168.232.154,164.237.171.191,24,IGMP
983,1521045083,192.168.1.57,156.235.53.168,25,TCP
984,1521049047,192.168.180.137,223.55.126.120,11,UDP
985,1521046270,192.168.102.29,32.215.12.222,11,TCP
986,1521042125,192.168.127.111,142.227.77.208,11,DNS
987,1521044972,192.168.167.109,127.145.52.184,7,DNS
988,1521040325,192.168.84.9,124.14.178.68,14,TCP
989,1521043132,192.168.197.145,116.178.141.242,9,TCP
990,1521040556,192.168.122.65,219.20.105.129,10,TCP
991,1521050008,192.168.134.84,115.162.36.202,2,DNS
992,1521044440,192.168.24.113,214.168.26.77,5,IGMP
993,1521047909,192.168.24.72,88.126.128.232,11,TCP
994,1521049408,192.168.30.146,20.142.157.149,21,DNS
995,1521046277,192.168.252.75,220.58.242.232,4,UDP
996,1521049574,192.168.162.229,29.157.98.94,14,UDP
997,1521044318,192.168.187.232,110.221.118.150,18,UDP
998,1521048727,192.168.125.44,179.148.63.203,9,TCP
999,1521047127,192.168.141.199,185.143.102.98,19,UDP
